Workbook

Sheet Raw_Data.csv
A1: danceability | B1: energy | C1: key | D1: loudness | E1: mode | F1: speechiness | G1: acousticness | H1: instrumentalness | I1: liveness | J1: valence | K1: tempo | L1: duration_ms | M1: time_signature | N1: liked
A2: 0.803 | B2: 0.624 | C2: 7 | D2: -6.764 | E2: 0 | F2: 0.0477 | G2: 0.451 | H2: 0.000734 | I2: 0.1 | J2: 0.628 | K2: 95.968 | L2: 304524 | M2: 4 | N2: 0
A3: 0.762 | B3: 0.703 | C3: 10 | D3: -7.951 | E3: 0 | F3: 0.306 | G3: 0.206 | H3: 0 | I3: 0.0912 | J3: 0.519 | K3: 151.329 | L3: 247178 | M3: 4 | N3: 1
A4: 0.261 | B4: 0.0149 | C4: 1 | D4: -27.528 | E4: 1 | F4: 0.0419 | G4: 0.992 | H4: 0.897 | I4: 0.102 | J4: 0.0382 | K4: 75.296 | L4: 286987 | M4: 4 | N4: 0
A5: 0.722 | B5: 0.736 | C5: 3 | D5: -6.994 | E5: 0 | F5: 0.0585 | G5: 0.431 | H5: 1.18e-06 | I5: 0.123 | J5: 0.582 | K5: 89.86 | L5: 208920 | M5: 4 | N5: 1
A6: 0.787 | B6: 0.572 | C6: 1 | D6: -7.516 | E6: 1 | F6: 0.222 | G6: 0.145 | H6: 0 | I6: 0.0753 | J6: 0.647 | K6: 155.117 | L6: 179413 | M6: 4 | N6: 1
A7: 0.778 | B7: 0.632 | C7: 8 | D7: -6.415 | E7: 1 | F7: 0.125 | G7: 0.0404 | H7: 0 | I7: 0.0912 | J7: 0.827 | K7: 140.951 | L7: 224029 | M7: 4 | N7: 1
A8: 0.666 | B8: 0.589 | C8: 0 | D8: -8.405 | E8: 0 | F8: 0.324 | G8: 0.555 | H8: 0 | I8: 0.114 | J8: 0.776 | K8: 74.974 | L8: 146053 | M8: 4 | N8: 1
A9: 0.922 | B9: 0.712 | C9: 7 | D9: -6.024 | E9: 1 | F9: 0.171 | G9: 0.0779 | H9: 3.96e-05 | I9: 0.175 | J9: 0.904 | K9: 104.964 | L9: 161800 | M9: 4 | N9: 1
A10: 0.794 | B10: 0.659 | C10: 7 | D10: -7.063 | E10: 0 | F10: 0.0498 | G10: 0.143 | H10: 0.00224 | I10: 0.0944 | J10: 0.308 | K10: 112.019 | L10: 247460 | M10: 4 | N10: 0
A11: 0.853 | B11: 0.668 | C11: 3 | D11: -6.995 | E11: 1 | F11: 0.447 | G11: 0.263 | H11: 0 | I11: 0.104 | J11: 0.745 | K11: 157.995 | L11: 165363 | M11: 4 | N11: 1
A12: 0.297 | B12: 0.993 | C12: 9 | D12: -7.173 | E12: 1 | F12: 0.118 | G12: 5.66e-05 | H12: 0.77 | I12: 0.0766 | J12: 0.178 | K12: 127.693 | L12: 182427 | M12: 4 | N12: 0
A13: 0.816 | B13: 0.433 | C13: 1 | D13: -9.19 | E13: 1 | F13: 0.241 | G13: 0.00471 | H13: 0 | I13: 0.132 | J13: 0.676 | K13: 147.942 | L13: 225000 | M13: 4 | N13: 1
... A196: 0.747 | B196: 0.666 | C196: 11 | D196: -7.845 | E196: 1 | F196: 0.197 | G196: 0.13 | H196: 0 | I196: 0.36 | J196: 0.531 | K196: 77.507 | L196: 177213 | M196: 4 | N196: 1

Sheet Calc_Data
G1: Metric | H1: Average | I1: Max | J1: Min
G2: Tempo | H2: =AVERAGE(Raw_Data.csv!K2:K196) -> 121.08617 | I2: =MAX(Raw_Data.csv!K2:K196) -> 180.036 | J2: =MIN(Raw_Data.csv!K2:K196) -> 60.171
G3: Duration (ms) | H3: =AVERAGE(Raw_Data.csv!L2:L196) -> 213408.93 | I3: =MAX(Raw_Data.csv!L2:L196) -> 655213 | J3: =MIN(Raw_Data.csv!L2:L196) -> 77203
G4: Energy | H4: =AVERAGE(Raw_Data.csv!B2:B196) -> 0.63843149 | I4: =MAX(Raw_Data.csv!B2:B196) -> 0.996 | J4: =MIN(Raw_Data.csv!B2:B196) -> 0.0024
G5: Danceability | H5: =AVERAGE(Raw_Data.csv!A2:A196) -> 0.63665641 | I5: =MAX(Raw_Data.csv!A2:A196) -> 0.946 | J5: =MIN(Raw_Data.csv!A2:A196) -> 0.13
G6: Loudness | H6: =AVERAGE(Raw_Data.csv!D:D) -> -9.4816308 | I6: =MAX(Raw_Data.csv!D:D) -> -2.336 | J6: =MIN(Raw_Data.csv!D:D) -> -42.261
G7: Speechiness | H7: =AVERAGE(Raw_Data.csv!F:F) -> 0.14895744 | I7: =MAX(Raw_Data.csv!F:F) -> 0.54 | J7: =MIN(Raw_Data.csv!F:F) -> 0.0278
G8: Liveness | H8: =AVERAGE(Raw_Data.csv!I:I) -> 0.14845538 | I8: =MAX(Raw_Data.csv!I:I) -> 0.633 | J8: =MIN(Raw_Data.csv!I:I) -> 0.0331
G9: Valence | H9: =AVERAGE(Raw_Data.csv!J:J) -> 0.49363179 | I9: =MAX(Raw_Data.csv!J:J) -> 0.98 | J9: =MIN(Raw_Data.csv!J:J) -> 0.0353
A13: liked | B13: Avg Loudness | C13: Avg Speechiness | D13: Avg Liveness | E13: Avg Valence
A14: 0 | B14: =AVERAGEIFS(Raw_Data.csv!D:D, Raw_Data.csv!N:N, 0) -> -12.224537 | C14: =AVERAGEIFS(Raw_Data.csv!F:F, Raw_Data.csv!N:N, 0) -> 0.076069474 | D14: =AVERAGEIFS(Raw_Data.csv!I:I, Raw_Data.csv!N:N, 0) -> 0.14951789 | E14: =AVERAGEIFS(Raw_Data.csv!J:J, Raw_Data.csv!N:N, 0) -> 0.42003579
A15: 1 | B15: =AVERAGEIFS(Raw_Data.csv!D:D, Raw_Data.csv!N:N, 1) -> -6.87587 | C15: =AVERAGEIFS(Raw_Data.csv!F:F, Raw_Data.csv!N:N, 1) -> 0.218201 | D15: =AVERAGEIFS(Raw_Data.csv!I:I, Raw_Data.csv!N:N, 1) -> 0.147446 | E15: =AVERAGEIFS(Raw_Data.csv!J:J, Raw_Data.csv!N:N, 1) -> 0.563548

Sheet Dashboard
B2: Spotify Taste Analysis
G16: Metric | H16: Average | I16: Max | J16: Min
G17: Tempo | H17: =Calc_Data!H2 -> 121.08617 | I17: =Calc_Data!I2 -> 180.036 | J17: =Calc_Data!J2 -> 60.171
G18: Duration (ms) | H18: =Calc_Data!H3 -> 213408.93 | I18: =Calc_Data!I3 -> 655213 | J18: =Calc_Data!J3 -> 77203
